{
  "version": "v20260403.200318",
  "seed": 42,
  "params": {
    "objective": "binary",
    "metric": "binary_logloss",
    "learning_rate": 0.01,
    "num_leaves": 31,
    "max_depth": 5,
    "min_child_samples": 80,
    "feature_fraction": 0.7,
    "feature_fraction_bynode": 0.5,
    "bagging_fraction": 0.7,
    "bagging_freq": 5,
    "lambda_l1": 0.3,
    "lambda_l2": 1.5,
    "min_gain_to_split": 0.02,
    "path_smooth": 5,
    "max_bin": 255,
    "is_unbalance": true,
    "seed": 42,
    "verbose": -1
  },
  "metrics": {
    "accuracy": 0.7163675410339009,
    "best_iteration": 371,
    "test_accuracy": 0.5631067961165048,
    "test_f1": 0.5300845350571854,
    "test_precision": 0.5975336322869955,
    "test_recall": 0.47631814119749777,
    "optimal_threshold": 0.5100000000000001
  },
  "saved_at": "2026-04-03T20:03:21.216959Z"
}