{
  "selected_model": "baseline_logistic",
  "selected_threshold": 0.575,
  "validation_risk_objective": 30.7875608578013,
  "test_risk_objective": -2.8963815327844546,
  "test_sharpe": -2.139111248053891,
  "test_sortino": -2.6466120212032678,
  "test_profit_factor": 0.8505792845127281,
  "test_max_drawdown": 0.05327751134381209,
  "test_precision_executed": 0.3793103448275862,
  "test_trade_count": 29.0,
  "test_accuracy": 0.3793103448275862,
  "test_roc_auc": 0.5025252525252525,
  "confusion_matrix": [
    [
      33,
      267
    ],
    [
      26,
      304
    ]
  ],
  "prediction_distribution": {
    "mean_score": 0.5268755420585269,
    "std_score": 0.035978916888928965,
    "min_score": 0.13262174935800491,
    "max_score": 0.630940074929725,
    "median_score": 0.5273814485719499
  },
  "precision_at_5": 0.2,
  "avg_return_top_5": -0.006899853631650199,
  "precision_at_10": 0.5,
  "avg_return_top_10": 0.002348013105394875,
  "precision_at_20": 0.45,
  "avg_return_top_20": 0.00200227186779246,
  "top_decile_precision": 0.5424836601307189,
  "top_decile_avg_return": 0.0015190588638152275,
  "information_coefficient": -0.026281654223761188,
  "ic_pvalue": 0.3042557829468873,
  "mean_daily_ic": 0.017644042232277522,
  "std_daily_ic": 0.19701632308357178,
  "ic_positive_pct": 0.5,
  "top_n_backtest": {
    "top_n": 10,
    "trading_days": 30,
    "total_trades": 300,
    "winning_trades": 164,
    "win_rate": 0.5467,
    "total_return_pct": 6.4259,
    "sharpe": 3.6716,
    "sortino": 6.6413,
    "max_drawdown": 0.0419,
    "avg_daily_return": 0.002119,
    "avg_selected_return": 0.002119
  }
}