{
  "version": "v20260405.124020",
  "seed": 42,
  "params": {
    "objective": "binary",
    "metric": "binary_logloss",
    "learning_rate": 0.01,
    "num_leaves": 31,
    "max_depth": 5,
    "min_child_samples": 80,
    "feature_fraction": 0.7,
    "feature_fraction_bynode": 0.5,
    "bagging_fraction": 0.7,
    "bagging_freq": 5,
    "lambda_l1": 0.3,
    "lambda_l2": 1.5,
    "min_gain_to_split": 0.02,
    "path_smooth": 5,
    "max_bin": 255,
    "is_unbalance": true,
    "seed": 42,
    "verbose": -1
  },
  "metrics": {
    "accuracy": 0.6260180995475113,
    "best_iteration": 72,
    "test_accuracy": 0.5547038327526133,
    "test_f1": 0.06715328467153285,
    "test_precision": 0.5897435897435898,
    "test_recall": 0.03560371517027864,
    "optimal_threshold": 0.5600000000000002
  },
  "saved_at": "2026-04-05T12:40:21.263617+00:00Z"
}