{
  "version": "v20260405.123844",
  "seed": 42,
  "params": {
    "objective": "binary",
    "metric": "binary_logloss",
    "learning_rate": 0.01,
    "num_leaves": 31,
    "max_depth": 5,
    "min_child_samples": 80,
    "feature_fraction": 0.7,
    "feature_fraction_bynode": 0.5,
    "bagging_fraction": 0.7,
    "bagging_freq": 5,
    "lambda_l1": 0.3,
    "lambda_l2": 1.5,
    "min_gain_to_split": 0.02,
    "path_smooth": 5,
    "max_bin": 255,
    "is_unbalance": true,
    "seed": 42,
    "verbose": -1
  },
  "metrics": {
    "accuracy": 0.6208448753462604,
    "best_iteration": 21,
    "test_accuracy": 0.5637010676156584,
    "test_f1": 0.09185185185185185,
    "test_precision": 0.6888888888888889,
    "test_recall": 0.049206349206349205,
    "optimal_threshold": 0.5200000000000001
  },
  "saved_at": "2026-04-05T12:38:45.195730+00:00Z"
}