{
  "version": "v20260403.202030",
  "seed": 42,
  "params": {
    "objective": "binary",
    "metric": "binary_logloss",
    "learning_rate": 0.01,
    "num_leaves": 31,
    "max_depth": 5,
    "min_child_samples": 80,
    "feature_fraction": 0.7,
    "feature_fraction_bynode": 0.5,
    "bagging_fraction": 0.7,
    "bagging_freq": 5,
    "lambda_l1": 0.3,
    "lambda_l2": 1.5,
    "min_gain_to_split": 0.02,
    "path_smooth": 5,
    "max_bin": 255,
    "is_unbalance": true,
    "seed": 42,
    "verbose": -1
  },
  "metrics": {
    "accuracy": 0.7242111650485437,
    "best_iteration": 430,
    "test_accuracy": 0.5580438756855576,
    "test_f1": 0.5771753388718845,
    "test_precision": 0.5699481865284974,
    "test_recall": 0.5845881310894597,
    "optimal_threshold": 0.4900000000000001
  },
  "saved_at": "2026-04-03T20:20:32.250403Z"
}